id,alias,real_name,rank,status,badge_number,meeting_location,contact_code
0,rjames,Matthew Weaver,Supervisor,Inactive,9054-7992,"3212 Brown Valley
Victorville, NM 12520",81099
1,evan19,Robert King,Agent,Active,2977-4692,"695 Bryan Turnpike
Wendyshire, AL 10060",07347
2,daniel51,Ariana Cruz,Chief,Retired,4658-1320,"1855 Jasmine Falls Suite 794
South Darin, ND 35763",35486
3,sheri92,Tammy Barrett,Senior Agent,Retired,7269-6403,"5215 Mallory Meadow
Denisefurt, NM 71245",20474
4,clarence64,Justin Owens,Supervisor,Inactive,6429-9470,"64483 Scott Turnpike
Mcdonaldton, OR 24143",82366
5,amandasmith,Scott Andrews,Chief,Retired,5718-1341,"0955 Kelly Walks
Gardnerville, WV 85327",75378
6,hmorales,Maria Mercer,Chief,Inactive,5223-7097,"29750 Jason Camp Apt. 709
West Samantha, MI 25161",08631
7,garciamelissa,Paul Yang,Chief,Active,8823-5319,"48879 Deanna Brook Apt. 289
Greenfurt, VI 42052",93739
8,rsmith,Thomas Jones,Supervisor,Inactive,3453-9491,"71238 Susan Extension Apt. 132
West Jonburgh, ME 61552",21169
9,leslieavila,Jennifer Davis,Supervisor,On Leave,8456-9093,"2383 Melissa Avenue Apt. 962
Barbarachester, SC 38216",90144
10,davidjohnson,Michelle Lin,Senior Agent,On Leave,8592-8827,"2508 Jessica Light Suite 248
Jamesstad, IL 17280",30195
11,lauraalexander,John Hernandez,Senior Agent,On Leave,1509-5605,"43833 Heather Square
Sawyerland, AR 51992",24561
12,shane31,Luis Flores,Agent,Retired,2605-2511,"22121 Joseph Meadow
Mcclainfort, MO 10218",65572
13,coxjason,Courtney Jackson,Chief,On Leave,4265-3955,"867 Jamie Knoll Suite 675
West Richard, TX 26447",23423
14,poncegregg,Megan Nunez,Chief,Inactive,5903-5878,"23749 Smith Stream Apt. 573
West Steven, MI 46418",32342
15,ndavis,Sandra Morton,Chief,Inactive,7697-4772,"12726 Tran Row Suite 903
South Morgan, PW 08506",49301
16,carolyn77,Anthony Gutierrez,Senior Agent,On Leave,6005-9562,"404 Elizabeth Tunnel Apt. 338
East Brittanymouth, NJ 60681",77112
17,johnclarke,Troy Gonzalez,Supervisor,Active,2497-1874,"83427 Sanchez Center Apt. 908
Lake Masontown, WV 25486",40437
18,smartin,Michael Rodriguez,Senior Agent,Active,9952-3634,"Unit 7690 Box 7855
DPO AP 11498",33118
19,peterdavis,Angela Curtis,Supervisor,Inactive,3289-1568,"255 Lisa Plains Apt. 336
East Noah, CT 64543",43952
20,mdelacruz,Monica Lynch,Senior Agent,On Leave,6888-9847,"88442 Gibson Shoal
Port Sandra, TX 40580",70475
21,bcarpenter,Jason Morris,Supervisor,Active,1807-3582,"046 Jennifer Avenue
West Sara, NH 35024",91650
22,davisariel,Gina Holloway,Supervisor,On Leave,9383-1028,"978 Samantha Rest Suite 982
Lake Marcville, AK 98202",34276
23,mannhenry,Courtney Greer,Senior Agent,Inactive,6950-9041,"88179 Melissa Road
South Megan, WY 94821",47920
24,jeffreycrawford,Erin Lopez,Senior Agent,On Leave,5687-3463,"35159 Anderson Gardens
West Richard, RI 76726",60838
25,xkeller,Amber Baker,Senior Agent,Inactive,4349-2693,"28629 Martin Knoll Apt. 585
Lake Jennifer, NV 41393",24272
26,matthewkim,Kayla Spears,Chief,On Leave,2822-9469,"811 Choi Lodge Suite 730
West William, AL 52516",26325
27,gonzalezsteven,Jason Henry,Senior Agent,Active,2749-8514,"PSC 0410, Box 8064
APO AE 12967",48481
28,lramsey,James Taylor,Senior Agent,Active,7276-9295,"8751 Robinson Loaf Suite 011
Ashleytown, WY 01166",02740
29,lewischristine,Justin White,Chief,Inactive,9165-9229,"1026 Brian Stream Suite 638
Lake Rachel, MO 76140",23950
30,rhonda58,Caleb Taylor,Agent,On Leave,3642-1160,"2010 Betty Heights Suite 412
Brendamouth, AZ 81159",80490
31,bmaldonado,John Hodge,Agent,Retired,2490-3514,"22699 Roger Square
Jessechester, NC 42590",70763
32,samanthagarcia,Anna Martinez,Supervisor,On Leave,4375-1242,"33543 Neil Stravenue Suite 427
Jonesland, PA 48063",34287
33,crystal33,Randy Ramsey,Senior Agent,Active,2950-5124,"9577 Melanie Avenue Suite 451
East Devinfort, OH 92184",73115
34,gjennings,Wendy Keller,Supervisor,Retired,1894-6715,"3857 Scott Course
South Donnaland, MH 37620",57083
35,bsandoval,Parker Smith,Chief,Inactive,1072-1168,"USS Richardson
FPO AA 82417",00261
36,colemangeorge,Anthony Rivera,Chief,On Leave,3028-6676,"547 Sosa Harbor Suite 240
Jennyhaven, MH 73704",18819
37,hhendrix,Savannah Clark,Agent,Active,3175-4438,"0821 Johnson Summit Apt. 751
West Daniel, IA 33285",22511
38,michaelstevens,Sherry Hodge,Supervisor,Retired,2277-7777,"364 Schwartz Canyon Suite 554
North Colleenburgh, AZ 80594",54632
39,marissahodges,Yolanda Wright,Agent,Retired,1327-4612,"4826 Dunn Gateway Apt. 903
Port Katelyn, MH 32807",33717
40,cassandraallen,Daniel Hill,Senior Agent,Inactive,7771-5698,"4622 Paul Village
Lake Jeffrey, MO 85285",58631
41,randerson,Amy Deleon,Supervisor,On Leave,6248-4265,"312 Perry Plain Apt. 721
Lake Richardmouth, NE 11455",96568
42,edward68,Jennifer Cervantes,Senior Agent,Retired,9084-2239,"Unit 8778 Box 7620
DPO AE 14305",05278
43,isaac95,Diamond Sanders,Senior Agent,Retired,2070-1075,"86313 Rojas Burgs
Hendersonmouth, UT 39858",63376
44,qmartin,Kelly Castillo,Senior Agent,Active,1802-3239,"56039 Jasmine Lake Suite 485
Christopherfurt, NM 17549",11094
45,ydelgado,Morgan Hansen,Supervisor,On Leave,7491-5425,"479 Mike Canyon Suite 834
Justinbury, OK 78076",81996
46,jeremymoreno,Tracy Ramos,Agent,On Leave,8467-6886,"0280 John Canyon Suite 380
Gonzalezburgh, PA 08023",41309
47,kenneth16,Daniel Lamb,Supervisor,Retired,5726-5392,"PSC 6287, Box 5117
APO AE 14787",03198
48,mallory86,Monica Hamilton,Senior Agent,Retired,2344-5713,"077 Morgan Springs
Cruzview, CT 93627",83282
49,kathy92,Rebecca Ingram,Senior Agent,Active,9665-8146,"8962 Myers Drive
Ryanburgh, HI 50191",41188
50,fcastillo,Amanda Harrison,Supervisor,Retired,7336-1428,"3384 Reilly Pass Suite 607
Port Emilyton, MA 80850",22687
51,smithamanda,Ethan Oneill,Agent,Active,8192-3791,"063 Sherry Radial Suite 057
Davidstad, MD 34403",84576
52,dsmith,Michelle George,Agent,On Leave,8983-3368,"654 Bishop Springs
Joshuamouth, WY 17123",22832
53,daniel77,Jennifer Parsons,Senior Agent,Inactive,3095-7022,"96306 Green Terrace Suite 603
North Michelle, PW 73431",15599
54,dstewart,Samantha Potter,Agent,Inactive,6911-8803,"Unit 6701 Box 6679
DPO AE 49472",91157
55,moorejuan,Tamara Payne,Senior Agent,On Leave,8672-6016,"738 White Village Apt. 424
West Blakeport, RI 85039",88424
56,garrett86,Lucas Thomas,Chief,On Leave,7180-2707,"243 Pearson Club Apt. 152
West Maryburgh, NE 34337",39061
57,lambertmonique,Monica Johnston,Supervisor,Inactive,2577-9013,"88125 Kim Tunnel Apt. 337
Samanthaberg, NE 46975",13755
58,greenkatie,Jessica Ayala,Chief,On Leave,7696-8059,"178 Ronald Locks
Brownberg, RI 85766",92663
59,lopezmarilyn,Alicia Rodriguez,Agent,On Leave,3199-3618,"965 Thompson Forest Apt. 915
Port Cherylland, KY 01961",05091
60,pittsrobin,Mark Lyons,Agent,Inactive,3200-6271,"9379 Kimberly Locks Suite 092
West Kevinton, PR 87739",22921
61,chale,Erin Mendoza,Agent,On Leave,7469-5276,"76484 Powell Gardens
East Johnathanhaven, LA 15704",62001
62,brittanyrodriguez,Kirsten Martinez,Chief,Active,8143-4194,"11869 Wilcox Key
Perryville, WV 84531",46488
63,vmarshall,Adam Welch,Senior Agent,Active,5051-7443,"574 Lisa Stream Suite 999
Lake Stephen, MI 74983",22939
64,daniel80,Manuel Williams,Senior Agent,Inactive,9909-8116,"287 Pamela Trace Suite 127
West Susanbury, GU 14880",49140
65,vjohns,Kristin Hamilton,Agent,Retired,1431-6033,"055 Smith Stravenue
Wyattville, CA 03637",51111
66,annette06,Jennifer Gilbert,Agent,Active,8589-8298,"1109 Tammy Mills Apt. 500
Malonefurt, OH 07823",53765
67,stephanieking,Melissa Garcia,Supervisor,Active,9394-3035,"688 Moore Hills Suite 689
New Karenfurt, ND 31790",69106
68,claudia09,David Gonzalez,Agent,Retired,1522-7799,"8739 Meyer Cape
Lake Kyleport, WV 35167",99850
69,tonyakrueger,Curtis Griffin,Agent,On Leave,2522-5168,"USS Stephens
FPO AP 66678",42042
70,riveralacey,Richard Davis,Supervisor,Inactive,4255-2530,"USNV York
FPO AP 39047",26152
71,bferrell,John Floyd,Senior Agent,Inactive,2111-8384,"USNS Mitchell
FPO AP 45637",08449
72,csmith,Alexander Mejia,Chief,On Leave,1074-5512,"PSC 3184, Box 4382
APO AE 69553",63693
73,jennifer74,Stephanie Koch,Senior Agent,On Leave,6595-1680,"1329 Henderson Pines Apt. 184
Port Maureenmouth, MD 07681",44639
74,rollinsaustin,Paul Ramos,Senior Agent,On Leave,2314-7310,"62632 Charles Grove Suite 925
New Carolynfort, HI 74951",77803
75,bonniepatrick,Jacob Gray,Supervisor,Inactive,6484-5073,"77485 Myers Burgs Apt. 698
Jaimeville, MD 10961",65118
76,manderson,Caroline Simpson,Supervisor,Retired,4329-3830,"379 Underwood Stream
North Zachary, TX 16366",69992
77,connie74,Courtney Rush,Supervisor,Active,5123-4954,"76296 Victoria Trail Apt. 343
Lake Coleview, AR 93620",91259
78,zcunningham,Jonathan Rosales,Supervisor,Retired,6325-2282,"22593 Ronald Mills Suite 901
Johnville, DE 98436",30352
79,trujillostephanie,Cathy Mays,Senior Agent,Active,6880-1781,"83746 Elizabeth Alley
East Ginamouth, SC 30889",89255
80,victoria92,Jose Garcia,Supervisor,Inactive,1754-9161,"58890 Scott Ways Suite 452
Kingshire, MN 70230",75712
81,kendra68,Susan Lynch,Senior Agent,Active,3971-6039,"715 Amber Crossing Apt. 406
North Randall, IA 39603",43401
82,lisaparker,David Wilson,Senior Agent,On Leave,8248-8182,"94199 Robertson Common Apt. 113
Griffinshire, MA 95729",07089
83,rogerscrystal,Chris Torres,Agent,Retired,5138-7940,"6853 Dean Isle Suite 229
South Austin, RI 57640",97368
84,justinpitts,Tiffany Richardson,Chief,On Leave,4450-1908,"86931 Michael Squares
Margaretfort, MS 17318",46412
85,howardrobert,Christopher Morgan,Supervisor,Inactive,2407-9332,"31796 Williams Falls
South Keith, UT 26726",53035
86,kellywalker,Peter Delgado,Chief,On Leave,1914-2057,"8114 Bruce Plaza
Russellmouth, CO 36398",77128
87,nperez,Destiny Fischer,Supervisor,On Leave,4226-4331,"010 Briana Mission Apt. 681
North Jill, VI 94182",69999
88,eric46,Olivia Jordan,Agent,Inactive,2510-5877,"10001 Yvonne Knoll
East Jody, WI 11794",64397
89,barnescharles,John Jensen,Senior Agent,Retired,1321-8067,"77513 Mitchell Harbor Apt. 712
North Travis, PR 86949",92816
90,caitlin46,Travis Salas,Agent,On Leave,4323-5290,"426 Patrick Burgs Apt. 901
South Lori, MS 47195",42185
91,matthewdean,Joseph Olsen,Chief,On Leave,3016-3884,"730 John Mills
New Samanthaberg, DE 37111",86501
92,russellamy,Judy Mccarty,Agent,Retired,4421-8136,"90324 Smith Summit Apt. 982
Rosston, TN 18376",82383
93,robertwilliams,Heather Greer,Supervisor,Inactive,6745-2723,"70069 Matthew Squares
Adamsfurt, CO 80443",50214
94,wpowell,Jasmine Taylor,Senior Agent,On Leave,6749-4094,"021 Taylor Drive Suite 644
West Danamouth, VA 30113",41362
95,bhodges,Cesar Green,Supervisor,Retired,5677-5360,"212 Craig Extension
Kimland, LA 27983",50249
96,lrussell,Stephen Campbell,Agent,Retired,1037-2203,"579 Kaitlin Inlet
Hansonfurt, GA 07717",47847
97,hansencarlos,Maria Ramirez,Supervisor,Retired,7575-2262,"2964 Jamie Ridges
Hernandezchester, MN 31126",96406
98,torresjohn,Jermaine Romero,Agent,Active,4767-7429,"29570 Williams Drives Suite 362
Stricklandfort, NJ 52450",67350
99,ssolis,Gabriel Roberts,Senior Agent,Inactive,6479-4441,"729 Perkins Estates Suite 589
Villarrealtown, NV 66819",66035
100,jessicageorge,Zachary Johnson,Agent,Inactive,1174-6760,"560 Miller Curve
Mcdonaldland, WI 67286",14612
